adm1_name,adm1_id,source_adm,SHAPE_Leng,SHAPE_Area,FID,Data
Administrative unit not available,900411,,5.269407585,0.212295408,khm_adm1_un.1,3
Banteay Meanchey,900412,1,4.55574331,0.505983859,khm_adm1_un.2,2
Battambang,900413,2,6.072904116,0.986455707,khm_adm1_un.3,2
Kampong Cham,900414,3,4.375910212,0.378067267,khm_adm1_un.4,1
Kampong Chhnang,900415,4,4.193345698,0.440120772,khm_adm1_un.5,2
Kampong Speu,900416,5,4.497923058,0.577549466,khm_adm1_un.6,2
Kampong Thom,900417,6,6.976914425,1.037105771,khm_adm1_un.7,
Kampot,900418,7,3.591741379,0.3903909,khm_adm1_un.8,
Kandal,900419,8,5.403972828,0.269858418,khm_adm1_un.9,
Kep,900420,23,0.846808354,0.012642944,khm_adm1_un.10,
Koh Kong,900421,9,7.209642302,0.91053445,khm_adm1_un.11,1
Kratie,900422,10,6.383321871,0.997076288,khm_adm1_un.12,2
Mondul Kiri,900423,11,6.241211575,1.138616304,khm_adm1_un.13,1
Oddar Meanchey,900424,22,4.544843113,0.548702101,khm_adm1_un.14,1
Pailin,900425,24,1.463906271,0.087720225,khm_adm1_un.15,3
Phnom Penh,900426,12,1.527113826,0.056763011,khm_adm1_un.16,3
Preah Sihanouk,900427,18,5.582983482,0.217659645,khm_adm1_un.17,3
Preah Vihear,900428,13,6.407387032,1.169249165,khm_adm1_un.18,2
Prey Veng,900429,14,3.598275133,0.394788547,khm_adm1_un.19,2
Pursat,900430,15,7.050048757,0.959060268,khm_adm1_un.20,2
Ratanak Kiri,900431,16,6.161186535,0.986832016,khm_adm1_un.21,1
Siemreap,900432,17,5.580424451,0.880845006,khm_adm1_un.22,1
Stung Treng,900433,19,6.300751988,1.005543292,khm_adm1_un.23,1
Svay Rieng,900434,20,3.142179129,0.239612047,khm_adm1_un.24,1
Takeo,900435,21,3.134475397,0.288833219,khm_adm1_un.25,2
Tboung Khmum,900436,25,4.191123429,0.409180539,khm_adm1_un.26,1
